"pitches","player_id","player_name","total_pitches","pitch_percent","ba","iso","babip","slg","woba","xwoba","xba","hits","abs","launch_speed","launch_angle","spin_rate","velocity","effective_speed","whiffs","swings","takes","eff_min_vel","release_extension","pos3_int_start_distance","pos4_int_start_distance","pos5_int_start_distance","pos6_int_start_distance","pos7_int_start_distance","pos8_int_start_distance","pos9_int_start_distance"
"426",643396,"Kiner-Falefa, Isiah","2396","17.8","0.311","0.104","0.301","0.415","0.311","0.313","0.311","132","424","85.1","5.7","2202","86.3","85.41","0","426","0","-0.9","6.21","109","152","117","148","304","321","286"
"408",664058,"Fletcher, David","2217","18.4","0.308","0.077","0.303","0.385","0.298","0.286","0.299","124","403","80.9","9.7","2225","86.0","85.59","0","408","0","-0.4","6.27","107","151","109","147","298","311","276"
"397",669242,"Edman, Tommy","2612","15.2","0.314","0.162","0.297","0.476","0.335","0.348","0.325","124","395","86.9","9.6","2131","86.1","85.81","0","397","0","-0.3","6.31","113","151","113","150","296","320","299"
"387",593160,"Merrifield, Whit","2607","14.8","0.289","0.130","0.270","0.419","0.294","0.314","0.301","109","377","85.4","14.6","2199","86.5","86.50","0","387","0","0.0","6.19","106","150","108","146","304","322","291"
"365",518934,"LeMahieu, DJ","2633","13.9","0.324","0.130","0.303","0.454","0.329","0.355","0.339","117","361","90.3","7.3","2214","85.7","85.76","0","365","0","0.1","6.33","110","151","121","149","308","324","285"
"363",645277,"Albies, Ozzie","2608","13.9","0.327","0.246","0.289","0.573","0.372","0.380","0.336","117","358","88.9","17.9","2095","85.4","85.50","0","363","0","0.1","6.32","112","153","120","147","300","324","298"
"363",607208,"Turner, Trea","2487","14.6","0.378","0.232","0.343","0.610","0.418","0.404","0.367","137","362","88.9","11.6","2219","86.1","85.73","0","363","0","-0.4","6.29","107","151","115","146","303","322","293"
"361",514888,"Altuve, Jose","2488","14.5","0.329","0.239","0.285","0.567","0.374","0.342","0.311","117","356","85.6","13.6","2198","86.2","86.01","0","361","0","-0.2","6.33","105","152","111","145","296","325","291"
"360",624428,"Frazier, Adam","2352","15.3","0.333","0.115","0.327","0.448","0.334","0.325","0.330","119","357","84.5","10.6","2197","86.1","85.58","0","360","0","-0.5","6.21","116","151","110","151","285","315","295"
"359",666182,"Bichette, Bo","2609","13.8","0.382","0.270","0.334","0.652","0.433","0.430","0.371","136","356","91.1","10.9","2215","85.9","85.43","0","359","0","-0.5","6.21","108","151","120","148","305","325","288"
"358",641487,"Crawford, J.P.","2791","12.8","0.331","0.150","0.310","0.482","0.343","0.319","0.312","117","353","85.9","10.6","2139","86.9","86.91","0","358","0","0.0","6.24","116","150","112","151","287","318","297"
"355",570731,"Schoop, Jonathan","2588","13.7","0.341","0.229","0.298","0.570","0.378","0.374","0.333","119","349","89.0","10.6","2172","86.5","86.55","0","355","0","0.1","6.25","108","153","122","147","301","326","292"
"346",656775,"Mullins, Cedric","2588","13.4","0.367","0.299","0.322","0.666","0.429","0.383","0.347","125","341","87.6","13.0","2150","86.1","86.24","0","346","0","0.1","6.37","110","148","107","150","288","321","298"
"344",664034,"France, Ty","2394","14.4","0.349","0.204","0.315","0.553","0.376","0.370","0.334","118","338","87.9","12.5","2177","85.9","85.99","0","344","0","0.1","6.29","110","152","121","147","300","322","290"
"339",668804,"Reynolds, Bryan","2493","13.6","0.376","0.257","0.345","0.633","0.419","0.412","0.358","126","335","88.8","13.0","2113","85.8","85.42","0","339","0","-0.4","6.27","112","153","120","148","297","320","295"
"338",571448,"Arenado, Nolan","2443","13.8","0.330","0.327","0.270","0.658","0.410","0.352","0.305","111","336","89.0","20.3","2274","86.2","85.33","0","338","0","-0.9","6.30","107","152","121","147","308","327","300"
"337",493329,"Gurriel, Yuli","2292","14.7","0.367","0.183","0.334","0.550","0.379","0.337","0.320","120","327","89.3","14.8","2161","86.9","86.98","0","337","0","0.1","6.34","109","151","121","147","301","327","293"
"330",657077,"Verdugo, Alex","2346","14.1","0.328","0.178","0.303","0.506","0.350","0.397","0.358","107","326","89.6","7.3","2096","86.0","85.92","0","330","0","-0.1","6.22","114","153","123","150","284","321","306"
"329",621028,"Newman, Kevin","1926","17.1","0.270","0.102","0.259","0.373","0.273","0.291","0.292","87","322","83.3","10.3","2211","86.8","86.84","0","329","0","0.0","6.23","106","150","110","146","300","312","279"
"329",518692,"Freeman, Freddie","2688","12.2","0.360","0.244","0.317","0.604","0.406","0.461","0.390","118","328","91.3","12.6","2130","86.5","86.72","0","329","0","0.2","6.33","117","162","135","151","301","327","306"
"327",467793,"Santana, Carlos","2706","12.1","0.259","0.133","0.231","0.392","0.275","0.337","0.298","84","324","89.2","12.0","2092","86.6","85.72","0","327","0","-0.9","6.15","112","162","129","149","302","328","304"
"324",646240,"Devers, Rafael","2501","13.0","0.363","0.331","0.302","0.694","0.437","0.454","0.369","116","320","91.7","12.3","2160","85.3","85.23","0","324","0","-0.1","6.26","114","157","124","150","288","324","307"
"324",572122,"Seager, Kyle","2553","12.7","0.283","0.304","0.218","0.587","0.360","0.364","0.294","91","322","87.6","18.3","2152","86.3","86.29","0","324","0","0.0","6.22","114","165","125","151","294","324","300"
"323",600869,"Candelario, Jeimer","2547","12.7","0.362","0.241","0.333","0.604","0.407","0.413","0.362","117","323","88.7","12.1","2048","86.3","86.31","0","323","0","0.0","6.27","111","158","121","149","295","325","295"
"323",621566,"Olson, Matt","2774","11.6","0.362","0.362","0.287","0.724","0.442","0.424","0.340","114","315","91.1","15.8","2143","86.1","85.84","0","323","0","-0.3","6.25","118","170","131","151","300","327","301"
"321",543760,"Semien, Marcus","2923","11.0","0.349","0.340","0.293","0.689","0.429","0.363","0.307","111","318","88.9","19.4","2178","86.2","85.95","0","321","0","-0.3","6.26","106","154","119","146","301","326","292"
"318",516416,"Segura, Jean","2182","14.6","0.375","0.200","0.349","0.575","0.399","0.361","0.329","118","315","87.1","6.1","2183","86.2","86.19","0","318","0","0.0","6.26","108","152","112","148","300","319","283"
"318",621043,"Correa, Carlos","2610","12.2","0.362","0.270","0.315","0.632","0.415","0.422","0.377","114","315","89.3","12.6","2167","86.0","85.68","0","318","0","-0.3","6.27","108","153","121","147","302","327","292"
"317",642708,"Rosario, Amed","2152","14.7","0.364","0.179","0.341","0.543","0.381","0.370","0.355","114","313","88.6","8.8","2205","86.0","86.20","0","317","0","0.2","6.23","106","151","114","146","299","318","287"
"317",521692,"Perez, Salvador","2392","13.3","0.381","0.384","0.301","0.765","0.476","0.495","0.388","120","315","92.0","16.3","2186","85.9","85.88","0","317","0","0.0","6.18","104","151","122","145","306","329","302"
"316",665489,"Guerrero Jr., Vladimir","2509","12.6","0.350","0.338","0.280","0.688","0.431","0.424","0.351","110","314","93.8","10.5","2221","85.9","85.91","0","316","0","0.0","6.25","108","153","122","148","306","329","295"
"313",664702,"Straw, Myles","2652","11.8","0.350","0.103","0.342","0.453","0.343","0.326","0.329","109","311","85.3","12.2","2170","86.7","86.48","0","313","0","-0.2","6.31","105","149","109","145","298","317","281"
"313",462101,"Andrus, Elvis","2053","15.2","0.290","0.085","0.284","0.375","0.282","0.331","0.325","89","307","85.7","7.9","2226","85.9","85.70","0","313","0","-0.2","6.28","107","152","115","147","303","319","286"
"311",457759,"Turner, Justin","2465","12.6","0.339","0.228","0.296","0.567","0.378","0.372","0.331","104","307","90.1","19.2","2239","86.3","85.77","0","311","0","-0.5","6.20","107","152","121","146","304","324","296"
"311",608070,"Ramírez, José","2672","11.6","0.316","0.280","0.265","0.596","0.377","0.378","0.326","97","307","88.8","16.7","2118","86.2","86.00","0","311","0","-0.2","6.20","110","159","123","147","296","323","296"
"311",571745,"Haniger, Mitch","2775","11.2","0.368","0.349","0.294","0.717","0.444","0.448","0.365","112","304","88.2","13.5","2192","86.6","86.38","0","311","0","-0.2","6.29","107","152","121","145","300","323","292"
"310",502671,"Goldschmidt, Paul","2751","11.3","0.378","0.248","0.340","0.625","0.420","0.452","0.377","116","307","92.4","14.1","2245","86.5","85.77","0","310","0","-0.7","6.28","108","152","120","147","309","326","299"
"309",592206,"Castellanos, Nick","2143","14.4","0.386","0.347","0.324","0.733","0.459","0.437","0.369","117","303","88.9","15.0","2187","85.8","85.72","0","309","0","-0.1","6.30","105","151","120","144","302","325","296"
"306",630105,"Cronenworth, Jake","2435","12.6","0.326","0.253","0.293","0.579","0.379","0.381","0.337","99","304","87.4","14.6","2132","87.6","87.52","0","306","0","-0.1","6.26","115","151","118","150","288","322","305"
"306",593871,"Polanco, Jorge","2489","12.3","0.331","0.255","0.287","0.586","0.381","0.386","0.334","100","302","87.4","17.8","2167","86.2","86.24","0","306","0","0.0","6.23","109","152","116","147","296","322","295"
"305",606132,"Tapia, Raimel","1973","15.5","0.309","0.126","0.292","0.435","0.315","0.297","0.296","93","301","85.1","-3.6","2199","86.5","85.87","0","305","0","-0.6","6.20","115","150","108","150","293","327","309"
"304",670541,"Alvarez, Yordan","2397","12.7","0.401","0.358","0.342","0.758","0.482","0.495","0.389","121","302","93.2","14.1","2130","85.6","85.37","0","304","0","-0.2","6.29","117","165","133","153","294","330","304"
"304",592518,"Machado, Manny","2238","13.6","0.346","0.295","0.285","0.641","0.406","0.417","0.344","103","298","90.7","14.0","2218","86.3","85.68","0","304","0","-0.6","6.26","108","153","122","147","304","327","297"
"303",514917,"Hernández, César","2440","12.4","0.338","0.245","0.295","0.583","0.387","0.375","0.336","102","302","86.4","10.1","2074","86.0","86.00","0","303","0","0.0","6.19","109","150","105","148","291","320","294"
"302",641313,"Anderson, Tim","1997","15.1","0.377","0.199","0.349","0.576","0.406","0.408","0.367","114","302","89.3","6.0","2198","86.3","86.31","0","302","0","0.0","6.24","108","152","117","147","302","323","289"
"302",500871,"Escobar, Eduardo","2404","12.6","0.312","0.213","0.280","0.525","0.352","0.335","0.299","94","301","85.1","20.1","2102","86.2","84.51","0","302","0","-1.7","6.26","113","156","124","148","299","322","299"
"301",488726,"Brantley, Michael","1868","16.1","0.343","0.100","0.338","0.443","0.337","0.358","0.343","103","300","88.2","8.8","2096","86.2","86.25","0","301","0","0.1","6.33","116","156","125","151","288","325","301"
"301",547989,"Abreu, José","2588","11.6","0.340","0.310","0.277","0.650","0.404","0.405","0.335","100","294","91.5","14.0","2222","86.6","86.65","0","301","0","0.0","6.26","105","151","121","146","302","327","296"
"300",453568,"Blackmon, Charlie","2144","14.0","0.314","0.184","0.290","0.498","0.343","0.390","0.353","94","299","87.8","8.4","2145","86.2","86.17","0","300","0","0.0","6.21","114","158","128","150","300","330","308"
"299",641857,"McMahon, Ryan","2387","12.5","0.336","0.292","0.281","0.627","0.398","0.390","0.333","99","295","89.2","14.3","2167","86.0","85.28","0","299","0","-0.7","6.21","114","155","126","149","300","332","310"
"299",500743,"Rojas, Miguel","2001","14.9","0.321","0.154","0.310","0.475","0.338","0.316","0.308","96","299","85.7","11.2","2217","86.5","86.44","0","299","0","-0.1","6.29","108","152","115","148","304","318","284"
"298",543281,"Harrison, Josh","1877","15.9","0.315","0.142","0.298","0.458","0.326","0.334","0.314","93","295","85.9","15.7","2246","85.7","85.74","0","298","0","0.0","6.27","106","152","113","146","301","318","287"
"296",663656,"Tucker, Kyle","2180","13.6","0.355","0.307","0.304","0.662","0.422","0.450","0.375","104","293","90.6","17.1","2149","85.4","85.33","0","296","0","-0.1","6.29","116","159","128","152","293","328","302"
"295",502110,"Martinez, J.D.","2410","12.2","0.394","0.366","0.338","0.760","0.477","0.451","0.372","115","292","91.4","17.8","2181","85.7","85.46","0","295","0","-0.2","6.26","107","152","121","146","296","326","300"
"294",578428,"Iglesias, José","1858","15.8","0.333","0.160","0.315","0.493","0.352","0.328","0.321","98","294","86.0","12.8","2240","86.0","86.05","0","294","0","0.1","6.28","107","152","116","148","301","318","287"
"294",545341,"Grichuk, Randal","2003","14.7","0.293","0.279","0.237","0.572","0.357","0.347","0.284","85","290","89.4","19.3","2233","86.0","86.07","0","294","0","0.1","6.24","106","151","119","145","299","324","292"
"293",593428,"Bogaerts, Xander","2505","11.7","0.380","0.244","0.338","0.624","0.416","0.395","0.349","109","287","88.1","11.2","2207","86.1","86.13","0","293","0","0.0","6.24","107","151","120","146","294","324","296"
"292",663993,"Lowe, Nathaniel","2691","10.9","0.381","0.249","0.338","0.630","0.422","0.404","0.344","110","289","90.6","5.6","2117","86.7","86.56","0","292","0","-0.1","6.20","115","158","126","152","296","327","305"
"292",624413,"Alonso, Pete","2298","12.7","0.310","0.366","0.232","0.676","0.406","0.432","0.333","90","290","91.1","16.4","2185","85.5","85.22","0","292","0","-0.3","6.30","105","152","121","146","306","329","300"
"290",665120,"Walsh, Jared","2250","12.9","0.348","0.331","0.288","0.679","0.425","0.400","0.349","100","287","88.7","8.2","2168","86.1","85.37","0","290","0","-0.7","6.24","116","162","126","151","296","325","304"
"290",543333,"Hosmer, Eric","2200","13.2","0.319","0.174","0.291","0.493","0.344","0.350","0.321","92","288","89.5","1.7","2193","86.0","85.58","0","290","0","-0.4","6.22","117","156","121","152","295","325","306"
"290",571657,"Farmer, Kyle","1955","14.8","0.321","0.206","0.283","0.526","0.354","0.349","0.324","92","287","87.3","14.2","2231","86.5","86.61","0","290","0","0.1","6.26","106","151","118","145","299","322","290"
"289",663586,"Riley, Austin","2595","11.1","0.445","0.350","0.383","0.795","0.511","0.482","0.405","126","283","90.7","12.9","2217","85.3","85.12","0","289","0","-0.2","6.30","107","152","120","146","309","327","296"
"288",592192,"Canha, Mark","2642","10.9","0.308","0.196","0.278","0.503","0.340","0.339","0.305","88","286","86.9","13.8","2244","86.2","85.94","0","288","0","-0.3","6.27","108","153","120","146","301","323","292"
"288",543257,"Grossman, Robbie","2817","10.2","0.335","0.268","0.284","0.602","0.389","0.392","0.338","95","284","87.0","19.6","2113","86.5","86.36","0","288","0","-0.1","6.20","112","159","122","149","296","323","295"
"286",621020,"Swanson, Dansby","2578","11.1","0.364","0.293","0.315","0.657","0.421","0.433","0.372","102","280","88.5","12.4","2207","85.3","85.48","0","286","0","0.2","6.36","106","152","116","146","307","324","290"
"286",666969,"García, Adolis","2508","11.4","0.360","0.300","0.308","0.661","0.424","0.415","0.338","102","283","90.7","16.0","2192","85.3","85.22","0","286","0","-0.1","6.25","106","151","119","145","306","329","296"
"284",592669,"Renfroe, Hunter","2191","13.0","0.336","0.314","0.276","0.650","0.411","0.420","0.347","95","283","88.8","14.1","2195","85.8","85.63","0","284","0","-0.2","6.27","106","153","121","145","293","325","300"
"283",643217,"Benintendi, Andrew","2045","13.8","0.363","0.209","0.331","0.572","0.389","0.379","0.330","101","278","88.9","15.3","2133","86.1","86.11","0","283","0","0.0","6.17","114","153","114","151","293","323","305"
"283",606192,"Hernández, Teoscar","2290","12.4","0.438","0.331","0.382","0.769","0.505","0.475","0.397","123","281","91.0","13.5","2245","85.2","85.13","0","283","0","-0.1","6.18","107","152","120","147","303","327","293"
"283",596115,"Story, Trevor","2402","11.8","0.326","0.287","0.275","0.613","0.387","0.396","0.325","91","279","90.0","18.2","2223","85.6","85.89","0","283","0","0.3","6.22","106","152","119","146","311","335","302"
"282",571970,"Muncy, Max","2434","11.6","0.306","0.281","0.255","0.587","0.372","0.438","0.352","86","281","90.5","13.6","2173","85.9","85.09","0","282","0","-0.8","6.23","114","161","135","150","300","325","306"
"281",519203,"Rizzo, Anthony","2230","12.6","0.301","0.215","0.265","0.516","0.342","0.337","0.305","84","279","89.0","15.2","2174","86.2","86.27","0","281","0","0.1","6.33","115","162","126","150","292","325","300"
"281",641820,"Mancini, Trey","2468","11.4","0.359","0.278","0.318","0.637","0.419","0.422","0.363","101","281","88.1","10.3","2198","86.0","85.80","0","281","0","-0.2","6.38","108","152","121","148","306","327","292"
"280",664040,"Lowe, Brandon","2339","12.0","0.362","0.391","0.287","0.753","0.462","0.426","0.347","101","279","87.4","15.9","2174","86.1","86.04","0","280","0","-0.1","6.34","115","161","124","150","293","326","301"
"280",670032,"Lopez, Nicky","2126","13.2","0.342","0.067","0.336","0.409","0.321","0.281","0.283","92","269","84.6","0.0","2158","86.6","86.36","0","280","0","-0.2","6.18","108","146","101","147","282","313","301"
"279",668227,"Arozarena, Randy","2479","11.3","0.409","0.299","0.363","0.708","0.461","0.390","0.337","112","274","90.0","7.9","2197","86.1","85.85","0","279","0","-0.3","6.41","105","152","117","147","302","327","293"
"278",543877,"Vázquez, Christian","1947","14.3","0.288","0.088","0.277","0.376","0.283","0.276","0.270","79","274","84.6","13.2","2224","85.3","85.02","0","278","0","-0.3","6.31","107","151","119","147","294","319","292"
"276",443558,"Cruz, Nelson","2197","12.6","0.361","0.331","0.292","0.691","0.429","0.449","0.357","97","269","92.2","11.7","2200","86.0","86.06","0","276","0","0.1","6.26","107","153","123","147","306","330","296"
"272",650490,"Díaz, Yandy","2031","13.4","0.296","0.170","0.264","0.467","0.321","0.348","0.313","80","270","89.1","6.7","2196","86.4","86.15","0","272","0","-0.3","6.40","108","152","122","149","307","326","291"
"272",666185,"Carlson, Dylan","2530","10.8","0.372","0.207","0.344","0.579","0.396","0.372","0.342","99","266","86.2","12.9","2198","85.9","85.68","0","272","0","-0.2","6.28","114","156","120","149","300","324","300"
"271",546318,"Herrera, Odúbel","1938","14.0","0.293","0.180","0.264","0.474","0.320","0.320","0.298","78","266","86.6","5.8","2158","86.0","85.92","0","271","0","-0.1","6.23","116","152","114","149","287","319","297"
"270",543063,"Crawford, Brandon","2136","12.6","0.382","0.251","0.344","0.633","0.424","0.390","0.329","102","267","87.4","13.6","2170","86.2","85.66","0","270","0","-0.5","6.30","117","157","124","151","296","324","306"
"269",596019,"Lindor, Francisco","2096","12.8","0.282","0.210","0.239","0.492","0.323","0.370","0.311","74","262","88.1","12.9","2139","86.7","86.66","0","269","0","0.0","6.29","110","151","113","148","298","324","299"
"269",663697,"India, Jonathan","2641","10.2","0.366","0.253","0.328","0.619","0.409","0.398","0.354","97","265","86.7","11.0","2182","86.3","86.01","0","269","0","-0.3","6.24","107","151","117","145","299","322","290"
"268",665742,"Soto, Juan","2601","10.3","0.348","0.246","0.302","0.595","0.392","0.430","0.366","92","264","91.6","3.7","2199","85.8","85.49","0","268","0","-0.3","6.21","112","153","127","150","301","326","306"
"268",592450,"Judge, Aaron","2633","10.2","0.402","0.341","0.336","0.742","0.473","0.517","0.423","106","264","94.5","12.1","2223","85.9","85.99","0","268","0","0.1","6.34","107","152","122","146","308","332","294"
"265",666971,"Gurriel Jr., Lourdes","2072","12.8","0.378","0.263","0.337","0.641","0.427","0.391","0.342","99","262","87.9","11.1","2216","86.1","85.96","0","265","0","-0.1","6.17","107","152","120","148","303","325","291"
"265",605137,"Bell, Josh","2182","12.1","0.313","0.267","0.262","0.580","0.370","0.393","0.338","82","262","91.1","6.4","2124","86.0","85.44","0","265","0","-0.6","6.29","112","155","125","150","303","325","302"
"265",660271,"Ohtani, Shohei","2586","10.2","0.399","0.517","0.310","0.916","0.538","0.567","0.416","105","263","92.3","17.2","2165","85.7","85.00","0","265","0","-0.7","6.24","115","155","130","151","299","328","307"
"263",425877,"Molina, Yadier","1669","15.8","0.307","0.142","0.285","0.448","0.319","0.334","0.305","80","261","87.4","15.3","2207","86.3","85.72","0","263","0","-0.6","6.26","110","154","120","148","305","323","292"
"262",543068,"Cron, C.J.","2191","12.0","0.338","0.308","0.287","0.646","0.409","0.402","0.328","88","260","87.7","16.5","2208","85.8","85.69","0","262","0","-0.1","6.22","107","153","120","147","310","334","302"
"262",669256,"Solak, Nick","2054","12.8","0.319","0.131","0.305","0.450","0.327","0.336","0.313","83","260","86.6","6.4","2173","86.0","85.92","0","262","0","-0.1","6.25","107","152","117","147","306","324","290"
"262",656976,"Smith, Pavin","2076","12.6","0.360","0.176","0.339","0.536","0.380","0.347","0.325","94","261","85.6","6.7","2152","87.0","86.62","0","262","0","-0.4","6.28","117","153","121","151","294","323","305"
"262",640457,"Meadows, Austin","2366","11.1","0.281","0.285","0.221","0.566","0.345","0.353","0.306","72","256","88.1","19.7","2162","86.7","86.06","0","262","0","-0.6","6.37","116","160","130","151","294","326","301"
"262",444482,"Peralta, David","2062","12.7","0.288","0.208","0.267","0.496","0.327","0.301","0.281","75","260","88.4","4.2","2128","86.2","85.52","0","262","0","-0.7","6.29","116","154","124","150","294","323","306"
"261",571771,"Hernández, Enrique","2265","11.5","0.293","0.246","0.253","0.539","0.342","0.370","0.317","75","256","89.8","17.6","2167","86.0","85.69","0","261","0","-0.3","6.25","107","152","118","146","291","322","295"
"258",608385,"Winker, Jesse","1895","13.6","0.368","0.306","0.321","0.674","0.437","0.412","0.350","95","258","90.1","11.0","2156","86.0","86.13","0","258","0","0.1","6.28","114","159","129","150","295","325","304"
"258",650333,"Arraez, Luis","1975","13.1","0.332","0.095","0.320","0.427","0.320","0.337","0.329","84","253","88.2","10.5","2154","86.9","86.61","0","258","0","-0.3","6.27","114","149","110","150","282","314","299"
"257",621563,"Wendle, Joey","1857","13.8","0.353","0.239","0.321","0.592","0.395","0.346","0.318","90","255","86.7","6.5","2210","86.0","86.03","0","257","0","0.0","6.36","113","150","112","149","288","322","302"
"257",592743,"Simmons, Andrelton","1644","15.6","0.257","0.070","0.251","0.327","0.251","0.262","0.269","66","257","84.0","4.7","2230","85.6","85.58","0","257","0","0.0","6.17","107","152","111","146","297","317","284"
"257",622534,"Margot, Manuel","1706","15.1","0.303","0.181","0.272","0.484","0.331","0.343","0.313","77","254","86.9","10.9","2150","86.0","86.07","0","257","0","0.1","6.42","104","151","110","147","303","325","290"
"256",476704,"Lowrie, Jed","2033","12.6","0.291","0.154","0.266","0.445","0.311","0.376","0.324","74","254","90.2","15.2","2183","85.6","85.28","0","256","0","-0.3","6.25","112","160","123","149","299","323","296"
"256",518626,"Donaldson, Josh","2125","12.0","0.277","0.233","0.230","0.510","0.321","0.389","0.324","69","249","93.0","12.9","2203","86.1","86.26","0","256","0","0.2","6.25","107","154","122","146","304","325","295"
"256",650402,"Torres, Gleyber","2078","12.3","0.365","0.131","0.349","0.496","0.366","0.379","0.353","92","252","84.4","13.3","2214","86.1","86.18","0","256","0","0.1","6.34","106","153","120","146","302","325","287"
"255",663624,"Mountcastle, Ryan","2295","11.1","0.381","0.349","0.315","0.730","0.460","0.434","0.361","96","252","88.7","16.2","2204","85.5","85.22","0","255","0","-0.3","6.35","108","153","122","148","303","325","290"
"255",543939,"Wong, Kolten","1815","14.0","0.345","0.238","0.311","0.583","0.387","0.325","0.303","87","252","86.4","11.0","2156","86.3","85.70","0","255","0","-0.6","6.24","114","151","109","151","292","319","300"
"254",516782,"Marte, Starling","1969","12.9","0.389","0.198","0.365","0.587","0.413","0.398","0.360","98","252","85.9","4.8","2226","85.5","85.23","0","254","0","-0.3","6.30","105","151","110","147","304","321","289"
"254",547180,"Harper, Bryce","2401","10.6","0.423","0.379","0.366","0.802","0.505","0.496","0.397","105","248","89.3","11.9","2149","85.7","85.64","0","254","0","-0.1","6.24","115","159","130","150","297","327","301"
"253",642086,"Smith, Dominic","1849","13.7","0.355","0.194","0.321","0.548","0.376","0.407","0.362","88","248","88.2","14.8","2207","85.6","84.86","0","253","0","-0.7","6.28","113","155","127","147","293","322","302"
"252",572191,"Taylor, Michael A.","2113","11.9","0.364","0.150","0.339","0.514","0.371","0.383","0.358","90","247","88.0","13.6","2241","86.5","86.32","0","252","0","-0.2","6.18","105","151","111","146","305","325","295"
"252",669720,"Hays, Austin","1957","12.9","0.351","0.298","0.302","0.649","0.417","0.373","0.322","87","248","87.6","11.5","2185","86.2","85.28","0","252","0","-0.9","6.37","105","152","116","147","299","323","289"
"252",408234,"Cabrera, Miguel","2035","12.4","0.344","0.193","0.300","0.537","0.363","0.387","0.320","84","244","91.3","9.5","2153","86.7","86.73","0","252","0","0.0","6.24","108","156","123","148","305","328","293"
"251",605141,"Betts, Mookie","2232","11.2","0.331","0.246","0.293","0.577","0.377","0.352","0.319","82","248","89.1","15.7","2256","86.8","86.10","0","251","0","-0.7","6.22","109","153","120","146","302","324","300"
"250",592663,"Realmuto, J.T.","2096","11.9","0.345","0.169","0.325","0.514","0.364","0.367","0.334","86","249","88.2","10.8","2209","86.0","86.04","0","250","0","0.0","6.26","108","153","120","148","303","325","292"
"249",660162,"Moncada, Yoán","2581","9.6","0.409","0.243","0.378","0.652","0.446","0.438","0.389","101","247","89.8","12.0","2140","85.9","86.01","0","249","0","0.1","6.25","113","155","122","149","295","325","299"
"248",519317,"Stanton, Giancarlo","2401","10.3","0.383","0.359","0.314","0.742","0.471","0.454","0.364","95","248","94.6","10.9","2226","85.3","85.03","0","248","0","-0.3","6.33","109","154","123","148","308","332","294"
"248",553993,"Suárez, Eugenio","2390","10.4","0.287","0.316","0.216","0.602","0.364","0.388","0.306","70","244","89.1","17.6","2199","87.2","87.34","0","248","0","0.1","6.29","107","152","120","144","301","326","297"
"248",624585,"Soler, Jorge","2413","10.3","0.305","0.251","0.254","0.556","0.355","0.404","0.337","74","243","90.7","15.5","2244","86.5","86.54","0","248","0","0.0","6.23","107","152","122","146","307","330","303"
"248",668942,"Rojas, Josh","2316","10.7","0.364","0.198","0.344","0.563","0.391","0.327","0.312","90","247","86.9","6.9","2174","86.6","85.55","0","248","0","-1.1","6.29","119","153","119","151","293","322","304"
"247",621035,"Taylor, Chris","2384","10.4","0.366","0.272","0.323","0.638","0.417","0.414","0.350","89","243","87.6","16.6","2212","86.7","85.63","0","247","0","-1.1","6.23","107","151","116","146","303","323","295"
"247",649966,"Urías, Luis","2278","10.8","0.321","0.256","0.276","0.577","0.376","0.346","0.303","79","246","87.2","14.7","2211","85.8","84.22","0","247","0","-1.6","6.19","108","152","115","146","301","320","290"
"245",541645,"García, Avisaíl","1756","14.0","0.355","0.326","0.287","0.682","0.429","0.448","0.368","86","242","90.5","9.9","2232","85.6","83.51","0","245","0","-2.1","6.19","106","152","120","145","304","324","294"
"245",669257,"Smith, Will","2080","11.8","0.312","0.266","0.253","0.578","0.361","0.382","0.311","74","237","88.7","19.2","2248","86.0","84.70","0","245","0","-1.3","6.30","106","152","120","146","305","324","295"
"243",592178,"Bryant, Kris","2230","10.9","0.369","0.307","0.322","0.676","0.435","0.407","0.353","89","241","87.9","16.5","2295","86.8","86.66","0","243","0","-0.1","6.33","108","153","121","146","302","325","297"
"240",458015,"Votto, Joey","2231","10.8","0.373","0.407","0.293","0.780","0.471","0.493","0.388","88","236","92.2","16.5","2165","86.4","86.13","0","240","0","-0.3","6.28","114","161","136","150","294","324","303"
"240",641531,"Dozier, Hunter","2076","11.6","0.309","0.233","0.274","0.542","0.351","0.369","0.330","73","236","88.6","16.3","2220","86.2","85.87","0","240","0","-0.3","6.18","107","152","120","146","304","325","297"
"240",544725,"García, Leury","1672","14.4","0.351","0.145","0.332","0.496","0.353","0.329","0.318","80","228","83.9","1.7","2067","86.3","86.38","0","240","0","0.1","6.28","105","147","104","146","289","319","294"
"240",642715,"Adames, Willy","2221","10.8","0.360","0.326","0.306","0.686","0.436","0.403","0.328","86","239","89.4","18.1","2189","87.6","86.95","0","240","0","-0.6","6.28","105","152","117","146","304","323","294"
"239",650489,"Castro, Willi","1632","14.6","0.309","0.210","0.278","0.519","0.344","0.365","0.336","72","233","85.1","10.9","2112","85.6","85.50","0","239","0","-0.1","6.22","111","151","112","149","294","321","294"
"239",596146,"Kepler, Max","1876","12.7","0.263","0.225","0.224","0.487","0.310","0.363","0.321","62","236","87.9","17.2","2133","85.8","85.89","0","239","0","0.1","6.26","118","165","129","150","297","325","300"
"238",595879,"Báez, Javier","2065","11.5","0.449","0.390","0.380","0.839","0.536","0.475","0.389","106","236","89.5","11.6","2287","85.4","85.15","0","238","0","-0.2","6.29","105","151","118","146","302","325","294"
"237",457705,"McCutchen, Andrew","2308","10.3","0.289","0.280","0.227","0.569","0.351","0.373","0.321","67","232","86.7","12.6","2175","86.2","86.20","0","237","0","0.0","6.25","106","152","118","146","302","323","291"
"237",527038,"Flores, Wilmer","1727","13.7","0.301","0.229","0.256","0.530","0.348","0.332","0.288","71","236","88.1","16.8","2178","86.4","86.60","0","237","0","0.2","6.34","108","152","121","146","300","321","294"
"236",592696,"Rosario, Eddie","1508","15.6","0.313","0.193","0.283","0.506","0.344","0.343","0.303","73","233","86.9","13.0","2166","85.5","84.76","0","236","0","-0.7","6.21","116","159","117","151","293","322","299"
"235",608369,"Seager, Corey","1397","16.8","0.356","0.245","0.318","0.601","0.400","0.420","0.355","83","233","90.5","10.2","2214","85.0","83.23","0","235","0","-1.8","6.20","118","160","139","150","298","325","307"
"231",594807,"Duvall, Adam","2158","10.7","0.354","0.380","0.275","0.734","0.449","0.466","0.353","81","229","89.6","22.8","2268","86.2","85.86","0","231","0","-0.3","6.33","106","152","120","145","305","325","296"
"230",656305,"Chapman, Matt","2675","8.6","0.307","0.267","0.248","0.573","0.361","0.395","0.324","69","225","87.9","16.9","2187","85.9","85.97","0","230","0","0.1","6.28","107","153","121","147","305","327","295"
"229",573262,"Yastrzemski, Mike","2103","10.9","0.298","0.271","0.255","0.569","0.357","0.360","0.301","67","225","87.9","16.7","2223","85.9","85.59","0","229","0","-0.3","6.27","116","155","119","152","294","323","305"
"227",641658,"Hampson, Garrett","1905","11.9","0.327","0.184","0.306","0.511","0.351","0.323","0.296","73","223","82.9","12.9","2251","86.8","86.21","0","227","0","-0.6","6.19","103","150","105","146","307","327","293"
"227",502054,"Pham, Tommy","2373","9.6","0.291","0.206","0.253","0.498","0.327","0.382","0.332","65","223","90.2","7.9","2220","87.3","87.30","0","227","0","0.0","6.27","107","152","118","147","303","324","293"
"224",683734,"Vaughn, Andrew","1787","12.5","0.276","0.208","0.238","0.484","0.316","0.347","0.295","61","221","90.0","9.3","2205","86.2","85.34","0","224","0","-0.9","6.29","105","152","119","146","302","324","290"
"223",570482,"Urshela, Gio","1697","13.1","0.342","0.207","0.310","0.550","0.376","0.371","0.332","76","222","88.5","7.1","2237","85.6","85.62","0","223","0","0.0","6.33","107","152","121","148","306","324","287"
"223",663757,"Grisham, Trent","2168","10.3","0.342","0.269","0.300","0.612","0.395","0.357","0.331","75","219","88.5","10.7","2122","86.4","85.65","0","223","0","-0.7","6.27","113","151","114","150","292","323","301"
"222",641933,"O'Neill, Tyler","2070","10.7","0.443","0.470","0.362","0.913","0.557","0.565","0.434","97","219","92.3","20.2","2281","86.1","85.75","0","222","0","-0.4","6.26","107","152","119","145","308","327","299"
"222",553882,"Narváez, Omar","1625","13.7","0.307","0.156","0.279","0.463","0.322","0.320","0.291","67","218","85.0","18.0","2201","86.2","85.09","0","222","0","-1.1","6.21","114","164","123","151","292","320","303"
"221",542340,"Villar, Jonathan","1966","11.2","0.339","0.244","0.301","0.584","0.389","0.370","0.327","75","221","86.8","6.4","2113","86.4","86.41","0","221","0","0.0","6.30","110","149","109","148","295","321","297"
"221",663898,"Rodgers, Brendan","1513","14.6","0.341","0.250","0.305","0.591","0.390","0.365","0.322","75","220","88.8","6.9","2195","85.8","85.16","0","221","0","-0.6","6.20","107","151","118","147","308","328","294"
"221",605113,"Ahmed, Nick","1777","12.4","0.315","0.192","0.299","0.507","0.347","0.303","0.288","69","219","85.5","12.1","2203","86.9","85.88","0","221","0","-1.0","6.34","108","152","113","147","303","322","292"
"219",571980,"Naquin, Tyler","1797","12.2","0.364","0.281","0.320","0.645","0.420","0.422","0.361","79","217","88.7","8.5","2149","86.3","85.58","0","219","0","-0.7","6.25","112","152","120","150","292","323","301"
"219",665862,"Chisholm Jr., Jazz","2039","10.7","0.352","0.264","0.309","0.616","0.405","0.397","0.341","76","216","88.6","9.3","2159","85.7","85.01","0","219","0","-0.7","6.31","114","151","115","149","292","320","299"
"219",542583,"Aguilar, Jesús","2066","10.6","0.347","0.273","0.298","0.620","0.401","0.379","0.333","75","216","89.5","18.0","2260","86.3","85.43","0","219","0","-0.9","6.28","107","152","121","147","307","325","294"
"219",643446,"McNeil, Jeff","1514","14.5","0.297","0.128","0.284","0.425","0.308","0.323","0.299","65","219","88.2","11.9","2102","86.6","86.69","0","219","0","0.1","6.30","113","151","115","149","291","321","297"
"218",571976,"Myers, Wil","2010","10.8","0.355","0.257","0.311","0.612","0.400","0.333","0.298","76","214","86.1","9.1","2215","86.3","85.83","0","218","0","-0.5","6.22","108","152","117","146","301","327","298"
"216",647351,"Toro, Abraham","1502","14.4","0.280","0.168","0.246","0.449","0.306","0.324","0.283","60","214","86.8","13.5","2044","85.4","85.30","0","216","0","-0.1","6.21","112","153","125","149","293","320","293"
"216",665487,"Tatis Jr., Fernando","2139","10.1","0.419","0.516","0.319","0.935","0.558","0.578","0.428","90","215","94.4","13.6","2198","86.7","86.76","0","216","0","0.1","6.26","109","154","120","147","305","329","301"
"215",664023,"Happ, Ian","2250","9.6","0.324","0.272","0.273","0.596","0.386","0.369","0.318","69","213","86.6","7.8","2175","85.8","86.06","0","215","0","0.3","6.39","112","152","123","149","294","323","298"
"212",668731,"Baddoo, Akil","1880","11.3","0.355","0.251","0.325","0.607","0.402","0.364","0.310","75","211","84.0","12.7","2069","86.6","86.12","0","212","0","-0.5","6.20","116","152","110","151","292","325","297"
"212",457763,"Posey, Buster","1757","12.1","0.386","0.233","0.348","0.619","0.422","0.413","0.363","81","210","87.6","8.9","2247","86.7","86.03","0","212","0","-0.7","6.30","110","153","121","148","303","323","294"
"211",624424,"Conforto, Michael","1982","10.6","0.301","0.225","0.260","0.526","0.345","0.403","0.342","63","209","88.2","13.4","2122","86.8","86.78","0","211","0","0.0","6.30","111","156","129","149","295","325","302"
"209",544369,"Gregorius, Didi","1579","13.2","0.242","0.246","0.193","0.488","0.301","0.273","0.249","50","207","86.2","19.2","2150","86.6","86.51","0","209","0","-0.1","6.22","115","155","122","151","291","323","294"
"209",669221,"Murphy, Sean","1694","12.3","0.300","0.246","0.258","0.546","0.351","0.417","0.351","62","207","90.1","14.3","2229","85.2","85.17","0","209","0","0.0","6.26","106","152","121","146","304","324","293"
"205",592626,"Pederson, Joc","1918","10.7","0.307","0.233","0.267","0.540","0.351","0.378","0.331","62","202","87.6","10.9","2220","85.7","85.88","0","205","0","0.2","6.33","119","163","125","150","296","324","301"
"205",608324,"Bregman, Alex","1593","12.9","0.307","0.178","0.270","0.485","0.331","0.325","0.305","62","202","87.9","15.6","2172","86.8","86.49","0","205","0","-0.3","6.40","106","151","119","146","298","328","294"
"204",608336,"Gallo, Joey","2591","7.9","0.348","0.426","0.257","0.775","0.465","0.468","0.348","71","204","88.6","19.4","2117","86.2","86.14","0","204","0","-0.1","6.23","115","173","135","152","306","332","303"
"204",663647,"Hayes, Ke'Bryan","1532","13.3","0.335","0.197","0.313","0.532","0.365","0.359","0.332","68","203","88.5","6.1","2187","85.9","86.01","0","204","0","0.1","6.26","107","151","117","146","305","318","286"
"203",572041,"Pollock, AJ","1465","13.9","0.371","0.322","0.316","0.693","0.444","0.427","0.364","75","202","88.6","11.4","2220","86.3","85.02","0","203","0","-1.3","6.22","107","152","119","146","304","325","296"
"202",664056,"Bader, Harrison","1586","12.7","0.345","0.290","0.293","0.635","0.407","0.360","0.301","69","200","86.4","15.4","2250","86.3","85.96","0","202","0","-0.3","6.25","107","150","111","144","305","323","296"
"202",607732,"Stallings, Jacob","1697","11.9","0.340","0.170","0.316","0.510","0.358","0.359","0.336","68","200","86.6","8.6","2177","86.1","85.65","0","202","0","-0.5","6.21","108","152","118","147","304","318","288"
"202",663886,"Stephenson, Tyler","1577","12.8","0.327","0.161","0.301","0.487","0.341","0.338","0.316","65","199","87.4","6.7","2208","86.7","86.76","0","202","0","0.1","6.25","107","151","119","145","302","321","289"